{
  "codeSystems" : [
    {
      "url" : "http://openhie.org/fhir/training/CodeSystem/cs-client-key-population-status",
      "version" : "1.0.0",
      "status" : "active",
      "name" : "CSClientKeyPopulationStatus",
      "title" : "Client Key Population Status",
      "description" : "A list of keys to determine a client population status",
      "uses" : {
      },
      "ValueSet-vs-client-key-population-status.html" : "Client Key Population Status"
    },
    {
      "url" : "http://snomed.info/sct",
      "version" : null,
      "status" : "active",
      "name" : "SNOMED_CT",
      "title" : "SNOMED CT (all versions)",
      "description" : "SNOMED CT is the most comprehensive and precise clinical health terminology product in the world, owned and distributed around the world by The International Health Terminology Standards Development Organisation (IHTSDO).",
      "oids" : ["2.16.840.1.113883.6.96"],
      "uses" : {
      },
      "ValueSet-vs-client-key-population-status.html" : "Client Key Population Status"
    }
  ]
}
