{
  "resourceType" : "CodeSystem",
  "id" : "cs-client-key-population-status",
  "text" : {
    "status" : "generated",
    "div" : "<div xmlns=\"http://www.w3.org/1999/xhtml\"><p>This case-sensitive code system <code>http://openhie.org/fhir/training/CodeSystem/cs-client-key-population-status</code> defines the following code:</p><table class=\"codes\"><tr><td style=\"white-space:nowrap\"><b>Code</b></td><td><b>Display</b></td></tr><tr><td style=\"white-space:nowrap\">General-Population<a name=\"cs-client-key-population-status-General-Population\"> </a></td><td>General Population</td></tr></table></div>"
  },
  "url" : "http://openhie.org/fhir/training/CodeSystem/cs-client-key-population-status",
  "version" : "1.0.0",
  "name" : "CSClientKeyPopulationStatus",
  "title" : "Client Key Population Status",
  "status" : "active",
  "experimental" : false,
  "date" : "2024-01-18T10:53:49+00:00",
  "publisher" : "My Organization",
  "contact" : [{
    "name" : "My Organization",
    "telecom" : [{
      "system" : "url",
      "value" : "http://example.com/committees"
    },
    {
      "system" : "email",
      "value" : "my-group@example.com"
    }]
  },
  {
    "name" : "Bob Smith",
    "telecom" : [{
      "system" : "email",
      "value" : "bobsmith@example.com",
      "use" : "work"
    }]
  }],
  "description" : "A list of keys to determine a client population status",
  "jurisdiction" : [{
    "coding" : [{
      "system" : "http://unstats.un.org/unsd/methods/m49/m49.htm",
      "code" : "001",
      "display" : "World"
    }]
  }],
  "caseSensitive" : true,
  "content" : "complete",
  "count" : 1,
  "concept" : [{
    "code" : "General-Population",
    "display" : "General Population"
  }]
}