<?xml version="1.0" encoding="UTF-8"?>

<Patient xmlns="http://hl7.org/fhir">
  <id value="HIVPatientExample"/>
  <meta>
    <profile value="http://openhie.org/fhir/training/StructureDefinition/hiv-patient"/>
  </meta>
  <text>
    <status value="generated"/><div xmlns="http://www.w3.org/1999/xhtml"><p style="border: 1px #661aff solid; background-color: #e6e6ff; padding: 10px;"><b>Ikbel Taleb Hssan </b> female, DoB: 1995-05-08 ( Patient folder number at the facility: MRN-123)</p><hr/><table class="grid"><tr><td style="background-color: #f3f5da" title="Known Marital status of Patient">Marital Status:</td><td colspan="3"><span title="Codes: {http://terminology.hl7.org/CodeSystem/v3-MaritalStatus D}">Marriage contract has been declared dissolved and inactive</span></td></tr><tr><td style="background-color: #f3f5da" title="Other Ids (see the one above)">Other Id:</td><td colspan="3">id: NID-123</td></tr><tr><td style="background-color: #f3f5da" title="Patient Links">Links:</td><td colspan="3"><ul><li>Managing Organization: <a href="Organization-OrganizationExample.html">Organization/OrganizationExample</a> &quot;Example&quot;</li></ul></td></tr><tr><td style="background-color: #f3f5da" title="Capture a client population status"><a href="StructureDefinition-key-population-status.html">Client Key Population Status:</a></td><td colspan="3"><ul><li><span title="Codes: {http://openhie.org/fhir/training/CodeSystem/cs-client-key-population-status General-Population}">HIV key population</span></li></ul></td></tr></table></div>
  </text>
  <extension url="http://openhie.org/fhir/training/StructureDefinition/key-population-status">
    <valueCodeableConcept>
      <coding>
        <system value="http://openhie.org/fhir/training/CodeSystem/cs-client-key-population-status"/>
        <code value="General-Population"/>
        <display value="General Population"/>
      </coding>
      <text value="HIV key population"/>
    </valueCodeableConcept>
  </extension>
  <identifier>
    <type>
      <coding>
        <system value="http://terminology.hl7/CodeSystem/hiv-example"/>
        <code value="MR"/>
        <display value="Patient Medical Record Number"/>
      </coding>
      <text value="Patient folder number at the facility"/>
    </type>
    <system value="http://terminology.hl7/CodeSystem/mrn-example"/>
    <value value="MRN-123"/>
  </identifier>
  <identifier>
    <system value="http://terminology.hl7/CodeSystem/nid-example"/>
    <value value="NID-123"/>
  </identifier>
  <name>
    <family value="Taleb Hssan"/>
    <given value="Ikbel"/>
  </name>
  <gender value="female"/>
  <birthDate value="1995-05-08"/>
  <maritalStatus>
    <coding>
      <system value="http://terminology.hl7.org/CodeSystem/v3-MaritalStatus"/>
      <code value="D"/>
      <display value="Divorced"/>
    </coding>
    <text value="Marriage contract has been declared dissolved and inactive"/>
  </maritalStatus>
  <managingOrganization>
    <reference value="Organization/OrganizationExample"/>
  </managingOrganization>
</Patient>