<?xml version="1.0" encoding="UTF-8"?>

<CodeSystem xmlns="http://hl7.org/fhir">
  <id value="cs-client-key-population-status"/>
  <text>
    <status value="generated"/><div xmlns="http://www.w3.org/1999/xhtml"><p>This case-sensitive code system <code>http://openhie.org/fhir/training/CodeSystem/cs-client-key-population-status</code> defines the following code:</p><table class="codes"><tr><td style="white-space:nowrap"><b>Code</b></td><td><b>Display</b></td></tr><tr><td style="white-space:nowrap">General-Population<a name="cs-client-key-population-status-General-Population"> </a></td><td>General Population</td></tr></table></div>
  </text>
  <url value="http://openhie.org/fhir/training/CodeSystem/cs-client-key-population-status"/>
  <version value="1.0.0"/>
  <name value="CSClientKeyPopulationStatus"/>
  <title value="Client Key Population Status"/>
  <status value="active"/>
  <experimental value="false"/>
  <date value="2024-01-18T10:53:49+00:00"/>
  <publisher value="My Organization"/>
  <contact>
    <name value="My Organization"/>
    <telecom>
      <system value="url"/>
      <value value="http://example.com/committees"/>
    </telecom>
    <telecom>
      <system value="email"/>
      <value value="my-group@example.com"/>
    </telecom>
  </contact>
  <contact>
    <name value="Bob Smith"/>
    <telecom>
      <system value="email"/>
      <value value="bobsmith@example.com"/>
      <use value="work"/>
    </telecom>
  </contact>
  <description value="A list of keys to determine a client population status"/>
  <jurisdiction>
    <coding>
      <system value="http://unstats.un.org/unsd/methods/m49/m49.htm"/>
      <code value="001"/>
      <display value="World"/>
    </coding>
  </jurisdiction>
  <caseSensitive value="true"/>
  <content value="complete"/>
  <count value="1"/>
  <concept>
    <code value="General-Population"/>
    <display value="General Population"/>
  </concept>
</CodeSystem>